"team_name","league","country","player_name","player_url","player_pos","player_age","nationality","in_squad","appearances","goals","minutes_played","season"
"Ascoli Calcio","Serie B","Italy","Fabrizio Lorieri","https://www.transfermarkt.com/fabrizio-lorieri/profil/spieler/226081","Goalkeeper",25,"Italy",36,35,0,3180,1989
"Ascoli Calcio","Serie B","Italy","Roberto Bocchino","https://www.transfermarkt.com/roberto-bocchino/profil/spieler/227377","Goalkeeper",28,"Italy",36,3,0,270,1989
"Ascoli Calcio","Serie B","Italy","Antonio Aloisi","https://www.transfermarkt.com/antonio-aloisi/profil/spieler/223331","Defender",20,"Italy",32,32,2,2828,1989
"Ascoli Calcio","Serie B","Italy","Mustafa Arslanovic","https://www.transfermarkt.com/mustafa-arslanovic/profil/spieler/183830","Defender",29,"Bosnia-Herzegovina",30,30,1,2602,1989
"Ascoli Calcio","Serie B","Italy","Paolo Benetti","https://www.transfermarkt.com/paolo-benetti/profil/spieler/169647","Centre-Back",24,"Italy",36,23,0,1347,1989
"Ascoli Calcio","Serie B","Italy","Stefano Colantuono","https://www.transfermarkt.com/stefano-colantuono/profil/spieler/166889","Defender",26,"Italy",33,33,0,2969,1989
"Ascoli Calcio","Serie B","Italy","Salvatore Fusco","https://www.transfermarkt.com/salvatore-fusco/profil/spieler/227384","Right-Back",18,"Italy",15,2,0,106,1989
"Ascoli Calcio","Serie B","Italy","Osvaldo Mancini","https://www.transfermarkt.com/osvaldo-mancini/profil/spieler/227385","Defender",19,"Italy",30,12,0,576,1989
"Ascoli Calcio","Serie B","Italy","Flavio Destro","https://www.transfermarkt.com/flavio-destro/profil/spieler/227399","Defender",26,"Italy",34,34,0,3046,1989
"Ascoli Calcio","Serie B","Italy","Vincenzo Rodia","https://www.transfermarkt.com/vincenzo-rodia/profil/spieler/227405","Defender",23,"Italy",26,17,0,1159,1989
"Ascoli Calcio","Serie B","Italy","Oreste Didonè","https://www.transfermarkt.com/oreste-didone/profil/spieler/226440","midfield",21,"Italy",28,14,0,680,1989
"Ascoli Calcio","Serie B","Italy","Paolo Giovannelli","https://www.transfermarkt.com/paolo-giovannelli/profil/spieler/226455","midfield",28,"Italy",32,32,4,2870,1989
"Ascoli Calcio","Serie B","Italy","Giancarlo Cavaliere","https://www.transfermarkt.com/giancarlo-cavaliere/profil/spieler/227379","Attacking Midfield",20,"Italy",35,34,1,2570,1989
"Ascoli Calcio","Serie B","Italy","Antonio Sabato","https://www.transfermarkt.com/antonio-sabato/profil/spieler/227514","midfield",31,"Italy",32,32,1,2829,1989
"Ascoli Calcio","Serie B","Italy","Giuseppe Carillo","https://www.transfermarkt.com/giuseppe-carillo/profil/spieler/227452","Right Midfield",24,"Italy",31,29,2,2188,1989
"Ascoli Calcio","Serie B","Italy","Pietro Zaini","https://www.transfermarkt.com/pietro-zaini/profil/spieler/227409","midfield",19,"Italy",19,15,0,666,1989
"Ascoli Calcio","Serie B","Italy","Nico Berardini","https://www.transfermarkt.com/nico-berardini/profil/spieler/227394","midfield",15,"Italy",2,1,0,15,1989
"Ascoli Calcio","Serie B","Italy","Luigi Bugiardini","https://www.transfermarkt.com/luigi-bugiardini/profil/spieler/227397","midfield",17,"Italy",6,5,0,350,1989
"Ascoli Calcio","Serie B","Italy","Emanuele Ferraresi","https://www.transfermarkt.com/emanuele-ferraresi/profil/spieler/227400","midfield",16,"Italy",3,2,0,44,1989
"Ascoli Calcio","Serie B","Italy","Christian Giovannini","https://www.transfermarkt.com/christian-giovannini/profil/spieler/248904","midfield",19,"Italy",1,0,0,0,1989
"Ascoli Calcio","Serie B","Italy","Stefano Carminucci","https://www.transfermarkt.com/stefano-carminucci/profil/spieler/248896","midfield",16,"Italy",2,1,0,4,1989
"Ascoli Calcio","Serie B","Italy","Casagrande","https://www.transfermarkt.com/casagrande/profil/spieler/117618","Second Striker",26,"Brazil",25,25,6,2180,1989
"Ascoli Calcio","Serie B","Italy","Odoacre Chierico","https://www.transfermarkt.com/odoacre-chierico/profil/spieler/224550","Right Winger",30,"Italy",16,16,0,1248,1989
"Ascoli Calcio","Serie B","Italy","Borislav Cvetkovic","https://www.transfermarkt.com/borislav-cvetkovic/profil/spieler/215627","Left Winger",26,"Croatia",33,33,10,2818,1989
"Ascoli Calcio","Serie B","Italy","Oliviero Garlini","https://www.transfermarkt.com/oliviero-garlini/profil/spieler/222997","Second Striker",32,"Italy",20,18,0,1159,1989
"Ascoli Calcio","Serie B","Italy","Fiorenzo D'Ainzara","https://www.transfermarkt.com/fiorenzo-dainzara/profil/spieler/227380","Left Winger",16,"Italy",2,2,0,77,1989
"Cesena FC","Serie C - Girone B","Italy","Alberto Fontana","https://www.transfermarkt.com/alberto-fontana/profil/spieler/5770","Goalkeeper",22,"Italy",34,0,0,0,1989
"Cesena FC","Serie C - Girone B","Italy","Sebastiano Rossi","https://www.transfermarkt.com/sebastiano-rossi/profil/spieler/106923","Goalkeeper",24,"Italy",36,36,0,3240,1989
"Cesena FC","Serie C - Girone B","Italy","Filippo Medri","https://www.transfermarkt.com/filippo-medri/profil/spieler/21938","Centre-Back",17,"Italy",1,0,0,0,1989
"Cesena FC","Serie C - Girone B","Italy","Fabio Cucchi","https://www.transfermarkt.com/fabio-cucchi/profil/spieler/222993","Defender",23,"Italy",20,4,0,220,1989
"Cesena FC","Serie C - Girone B","Italy","Davor Jozić","https://www.transfermarkt.com/davor-jozi%C4%87/profil/spieler/102690","Centre-Back",28,"Bosnia-Herzegovina",28,26,0,2235,1989
"Cesena FC","Serie C - Girone B","Italy","Gianbattista Scugugia","https://www.transfermarkt.com/gianbattista-scugugia/profil/spieler/223359","Centre-Back",18,"Italy",12,3,0,100,1989
"Cesena FC","Serie C - Girone B","Italy","Agatino Cuttone","https://www.transfermarkt.com/agatino-cuttone/profil/spieler/226430","Defender",29,"Italy",17,16,0,1154,1989
"Cesena FC","Serie C - Girone B","Italy","Fabio Calcaterra","https://www.transfermarkt.com/fabio-calcaterra/profil/spieler/226414","Defender",24,"Italy",35,35,0,3067,1989
"Cesena FC","Serie C - Girone B","Italy","Ezio Gelain","https://www.transfermarkt.com/ezio-gelain/profil/spieler/226453","Defender",28,"Italy",26,21,0,1531,1989
"Cesena FC","Serie C - Girone B","Italy","Gianni Flamigni","https://www.transfermarkt.com/gianni-flamigni/profil/spieler/226448","Defender",19,"Italy",10,10,0,705,1989
"Cesena FC","Serie C - Girone B","Italy","Salvatore Antonio Nobile","https://www.transfermarkt.com/salvatore-antonio-nobile/profil/spieler/226496","Defender",25,"Italy",33,33,2,2861,1989
"Cesena FC","Serie C - Girone B","Italy","Michele De Simoni","https://www.transfermarkt.com/michele-de-simoni/profil/spieler/248373","Defender",18,"Italy",2,0,0,0,1989
"Cesena FC","Serie C - Girone B","Italy","Alessandro Teodorani","https://www.transfermarkt.com/alessandro-teodorani/profil/spieler/23334","Right Midfield",17,"Italy",4,0,0,0,1989
"Cesena FC","Serie C - Girone B","Italy","Ulisse Masolini","https://www.transfermarkt.com/ulisse-masolini/profil/spieler/572250","midfield",17,"Italy",3,0,0,0,1989
"Cesena FC","Serie C - Girone B","Italy","Sergio Domini","https://www.transfermarkt.com/sergio-domini/profil/spieler/224934","midfield",28,"Italy",33,33,3,2947,1989
"Cesena FC","Serie C - Girone B","Italy","Vincenzo Esposito","https://www.transfermarkt.com/vincenzo-esposito/profil/spieler/222996","midfield",26,"Italy",33,32,3,2672,1989
"Cesena FC","Serie C - Girone B","Italy","Franco Turchetta","https://www.transfermarkt.com/franco-turchetta/profil/spieler/221918","midfield",27,"Italy",35,30,1,2388,1989
"Cesena FC","Serie C - Girone B","Italy","Gianluca Leoni","https://www.transfermarkt.com/gianluca-leoni/profil/spieler/226471","midfield",24,"Italy",0,0,0,0,1989
"Cesena FC","Serie C - Girone B","Italy","Andrea Delbianco","https://www.transfermarkt.com/andrea-delbianco/profil/spieler/226435","midfield",20,"Italy",33,26,1,1364,1989
"Cesena FC","Serie C - Girone B","Italy","Adriano Piraccini","https://www.transfermarkt.com/adriano-piraccini/profil/spieler/226502","Central Midfield",30,"Italy",30,29,0,2488,1989
"Cesena FC","Serie C - Girone B","Italy","Paolo Pupita","https://www.transfermarkt.com/paolo-pupita/profil/spieler/226507","midfield",15,"Italy",1,1,0,5,1989
"Cesena FC","Serie C - Girone B","Italy","Mario Ansaldi","https://www.transfermarkt.com/mario-ansaldi/profil/spieler/226396","midfield",23,"Italy",34,28,0,2039,1989
"Cesena FC","Serie C - Girone B","Italy","Angelo Pierleoni","https://www.transfermarkt.com/angelo-pierleoni/profil/spieler/226501","midfield",26,"Italy",21,19,2,1498,1989
"Cesena FC","Serie C - Girone B","Italy","Filippo Masolini","https://www.transfermarkt.com/filippo-masolini/profil/spieler/226483","midfield",19,"Italy",5,2,0,18,1989
"Cesena FC","Serie C - Girone B","Italy","Ivan Zamagni","https://www.transfermarkt.com/ivan-zamagni/profil/spieler/248368","midfield",17,"Italy",1,0,0,0,1989
"Cesena FC","Serie C - Girone B","Italy","Hans Holmqvist","https://www.transfermarkt.com/hans-holmqvist/profil/spieler/110385","Centre-Forward",29,"Sweden",2,1,0,18,1989
"Cesena FC","Serie C - Girone B","Italy","Massimo Agostini","https://www.transfermarkt.com/massimo-agostini/profil/spieler/180478","Centre-Forward",25,"Italy",29,29,13,2501,1989
"Cesena FC","Serie C - Girone B","Italy","Fabio Aselli","https://www.transfermarkt.com/fabio-aselli/profil/spieler/226399","Attack",26,"Italy",0,0,0,0,1989
"Cesena FC","Serie C - Girone B","Italy","Pasquale Traini","https://www.transfermarkt.com/pasquale-traini/profil/spieler/226527","Attack",28,"Italy",8,4,0,282,1989
"Cesena FC","Serie C - Girone B","Italy","Vladislav Djukic","https://www.transfermarkt.com/vladislav-djukic/profil/spieler/226442","Left Winger",26,"Serbia",33,28,2,1989,1989
"Cesena FC","Serie C - Girone B","Italy","Gabriele Zagati","https://www.transfermarkt.com/gabriele-zagati/profil/spieler/226536","Attack",18,"Italy",10,5,1,114,1989
"Cesena FC","Serie C - Girone B","Italy","Stefano Ceccarelli","https://www.transfermarkt.com/stefano-ceccarelli/profil/spieler/248351","Attack",18,"Italy",1,0,0,0,1989
"AC Milan","Serie A","Italy","Francesco Antonioli","https://www.transfermarkt.com/francesco-antonioli/profil/spieler/5935","Goalkeeper",19,"Italy",5,0,0,0,1989
"AC Milan","Serie A","Italy","Giovanni Galli","https://www.transfermarkt.com/giovanni-galli/profil/spieler/116706","Goalkeeper",31,"Italy",51,29,0,2730,1989
"AC Milan","Serie A","Italy","Andrea Pazzagli","https://www.transfermarkt.com/andrea-pazzagli/profil/spieler/180477","Goalkeeper",29,"Italy",43,25,0,2250,1989
"AC Milan","Serie A","Italy","Paolo Maldini","https://www.transfermarkt.com/paolo-maldini/profil/spieler/5803","Left-Back",21,"Italy",48,47,1,4306,1989
"AC Milan","Serie A","Italy","Alessandro Costacurta","https://www.transfermarkt.com/alessandro-costacurta/profil/spieler/10055","Centre-Back",23,"Italy",42,39,1,3448,1989
"AC Milan","Serie A","Italy","Franco Baresi","https://www.transfermarkt.com/franco-baresi/profil/spieler/42049","Sweeper",29,"Italy",46,46,5,4246,1989
"AC Milan","Serie A","Italy","Richard Vanigli","https://www.transfermarkt.com/richard-vanigli/profil/spieler/21190","Centre-Back",18,"Italy",0,0,0,0,1989
"AC Milan","Serie A","Italy","Roberto Bandirali","https://www.transfermarkt.com/roberto-bandirali/profil/spieler/248990","Centre-Back",17,"Italy",1,0,0,0,1989
"AC Milan","Serie A","Italy","Mauro Tassotti","https://www.transfermarkt.com/mauro-tassotti/profil/spieler/102483","Right-Back",29,"Italy",41,41,3,3780,1989
"AC Milan","Serie A","Italy","Filippo Galli","https://www.transfermarkt.com/filippo-galli/profil/spieler/106898","Centre-Back",26,"Italy",34,28,0,2383,1989
"AC Milan","Serie A","Italy","Stefano Carobbi","https://www.transfermarkt.com/stefano-carobbi/profil/spieler/214766","Right-Back",25,"Italy",16,7,0,429,1989
"AC Milan","Serie A","Italy","Rufo Emiliano Verga","https://www.transfermarkt.com/rufo-emiliano-verga/profil/spieler/222788","Centre-Back",19,"Italy",2,0,0,0,1989
"AC Milan","Serie A","Italy","Marco Pullo","https://www.transfermarkt.com/marco-pullo/profil/spieler/226506","Defender",21,"Italy",3,0,0,0,1989
"AC Milan","Serie A","Italy","Demetrio Albertini","https://www.transfermarkt.com/demetrio-albertini/profil/spieler/3390","Defensive Midfield",17,"Italy",6,1,0,16,1989
"AC Milan","Serie A","Italy","Stefano Salvatori","https://www.transfermarkt.com/stefano-salvatori/profil/spieler/169010","Defensive Midfield",21,"Italy",35,19,0,1155,1989
"AC Milan","Serie A","Italy","Diego Fuser","https://www.transfermarkt.com/diego-fuser/profil/spieler/5952","Right Midfield",20,"Italy",39,32,2,2016,1989
"AC Milan","Serie A","Italy","Roberto Donadoni","https://www.transfermarkt.com/roberto-donadoni/profil/spieler/102474","Right Midfield",25,"Italy",33,33,4,2738,1989
"AC Milan","Serie A","Italy","Frank Rijkaard","https://www.transfermarkt.com/frank-rijkaard/profil/spieler/70667","Defensive Midfield",26,"Netherlands",47,47,4,4075,1989
"AC Milan","Serie A","Italy","Alberico Evani","https://www.transfermarkt.com/alberico-evani/profil/spieler/102475","Left Midfield",26,"Italy",49,49,6,3648,1989
"AC Milan","Serie A","Italy","Giovanni Stroppa","https://www.transfermarkt.com/giovanni-stroppa/profil/spieler/167574","Attacking Midfield",21,"Italy",39,30,3,1700,1989
"AC Milan","Serie A","Italy","Angelo Colombo","https://www.transfermarkt.com/angelo-colombo/profil/spieler/120523","Right Midfield",28,"Italy",42,35,1,2458,1989
"AC Milan","Serie A","Italy","Carlo Ancelotti","https://www.transfermarkt.com/carlo-ancelotti/profil/spieler/116679","Central Midfield",30,"Italy",35,35,3,2777,1989
"AC Milan","Serie A","Italy","Ruud Gullit","https://www.transfermarkt.com/ruud-gullit/profil/spieler/101045","Attacking Midfield",26,"Netherlands",3,3,0,187,1989
"AC Milan","Serie A","Italy","Christian Lantignotti","https://www.transfermarkt.com/christian-lantignotti/profil/spieler/214768","Attacking Midfield",19,"Italy",8,4,0,250,1989
"AC Milan","Serie A","Italy","Marco Simone","https://www.transfermarkt.com/marco-simone/profil/spieler/3524","Second Striker",20,"Italy",42,32,3,1497,1989
"AC Milan","Serie A","Italy","Marco van Basten","https://www.transfermarkt.com/marco-van-basten/profil/spieler/74471","Centre-Forward",24,"Netherlands",40,40,24,3664,1989
"AC Milan","Serie A","Italy","Daniele Massaro","https://www.transfermarkt.com/daniele-massaro/profil/spieler/102480","Centre-Forward",28,"Italy",48,48,15,3637,1989
"AC Milan","Serie A","Italy","Stefano Borgonovo","https://www.transfermarkt.com/stefano-borgonovo/profil/spieler/192594","Centre-Forward",25,"Italy",33,22,6,1291,1989
"Udinese Calcio","Serie A","Italy","Claudio Garella","https://www.transfermarkt.com/claudio-garella/profil/spieler/216653","Goalkeeper",34,"Italy",33,29,0,2640,1989
"Udinese Calcio","Serie A","Italy","Alberto Jacuzzo","https://www.transfermarkt.com/alberto-jacuzzo/profil/spieler/248883","Goalkeeper",19,"Italy",1,0,0,0,1989
"Udinese Calcio","Serie A","Italy","Beniamino Abate","https://www.transfermarkt.com/beniamino-abate/profil/spieler/223330","Goalkeeper",27,"Italy",34,6,0,540,1989
"Udinese Calcio","Serie A","Italy","Néstor Sensini","https://www.transfermarkt.com/nestor-sensini/profil/spieler/5882","Centre-Back",22,"Argentina",34,34,2,3046,1989
"Udinese Calcio","Serie A","Italy","Manuel Marcuz","https://www.transfermarkt.com/manuel-marcuz/profil/spieler/224574","Right-Back",17,"Italy",1,0,0,0,1989
"Udinese Calcio","Serie A","Italy","Antonio Paganin","https://www.transfermarkt.com/antonio-paganin/profil/spieler/223109","Right-Back",23,"Italy",31,26,0,2172,1989
"Udinese Calcio","Serie A","Italy","Andrea Bruniera","https://www.transfermarkt.com/andrea-bruniera/profil/spieler/224547","Centre-Back",25,"Italy",34,29,2,2197,1989
"Udinese Calcio","Serie A","Italy","Dino Galparoli","https://www.transfermarkt.com/dino-galparoli/profil/spieler/224558","Left-Back",32,"Italy",30,22,0,1566,1989
"Udinese Calcio","Serie A","Italy","Angelo Orlando","https://www.transfermarkt.com/angelo-orlando/profil/spieler/224586","Defender",23,"Italy",34,34,2,2952,1989
"Udinese Calcio","Serie A","Italy","Settimio Lucci","https://www.transfermarkt.com/settimio-lucci/profil/spieler/224571","Defender",23,"Italy",33,32,0,2815,1989
"Udinese Calcio","Serie A","Italy","Emidio Oddi","https://www.transfermarkt.com/emidio-oddi/profil/spieler/224584","Right-Back",32,"Italy",31,22,0,1541,1989
"Udinese Calcio","Serie A","Italy","Fabiano Del Fabro","https://www.transfermarkt.com/fabiano-del-fabro/profil/spieler/248880","Defender",19,"Italy",4,0,0,0,1989
"Udinese Calcio","Serie A","Italy","Fabio Rossitto","https://www.transfermarkt.com/fabio-rossitto/profil/spieler/6296","Right Midfield",17,"Italy",7,2,0,94,1989
"Udinese Calcio","Serie A","Italy","Andrea Bianchi","https://www.transfermarkt.com/andrea-bianchi/profil/spieler/256855","midfield",18,"Italy",21,5,0,107,1989
"Udinese Calcio","Serie A","Italy","Giuseppe Minaudo","https://www.transfermarkt.com/giuseppe-minaudo/profil/spieler/223012","midfield",22,"Italy",6,4,0,118,1989
"Udinese Calcio","Serie A","Italy","Ricardo Gallego","https://www.transfermarkt.com/ricardo-gallego/profil/spieler/117601","Defensive Midfield",30,"Spain",33,31,2,2628,1989
"Udinese Calcio","Serie A","Italy","Willi Pittana","https://www.transfermarkt.com/willi-pittana/profil/spieler/224589","midfield",17,"Italy",0,0,0,0,1989
"Udinese Calcio","Serie A","Italy","Luca Mattei","https://www.transfermarkt.com/luca-mattei/profil/spieler/224577","midfield",24,"Italy",33,33,4,2966,1989
"Udinese Calcio","Serie A","Italy","Rodolfo Vanoli","https://www.transfermarkt.com/rodolfo-vanoli/profil/spieler/224605","midfield",26,"Italy",31,30,0,2611,1989
"Udinese Calcio","Serie A","Italy","Edy Treppo","https://www.transfermarkt.com/edy-treppo/profil/spieler/224602","midfield",19,"Italy",5,1,0,3,1989
"Udinese Calcio","Serie A","Italy","Andrea Manzo","https://www.transfermarkt.com/andrea-manzo/profil/spieler/224573","Central Midfield",27,"Italy",0,0,0,0,1989
"Udinese Calcio","Serie A","Italy","Giuseppe Catalano","https://www.transfermarkt.com/giuseppe-catalano/profil/spieler/224548","midfield",29,"Italy",6,2,0,24,1989
"Udinese Calcio","Serie A","Italy","Agostino Iacobelli","https://www.transfermarkt.com/agostino-iacobelli/profil/spieler/224565","Central Midfield",25,"Italy",24,13,0,658,1989
"Udinese Calcio","Serie A","Italy","Roberto Maffei","https://www.transfermarkt.com/roberto-maffei/profil/spieler/248884","Central Midfield",17,"Italy",1,0,0,0,1989
"Udinese Calcio","Serie A","Italy","Abel Balbo","https://www.transfermarkt.com/abel-balbo/profil/spieler/102187","Centre-Forward",23,"Argentina",30,29,11,2531,1989
"Udinese Calcio","Serie A","Italy","Marco Branca","https://www.transfermarkt.com/marco-branca/profil/spieler/169692","Centre-Forward",24,"Italy",27,27,8,2067,1989
"Udinese Calcio","Serie A","Italy","Fulvio Simonini","https://www.transfermarkt.com/fulvio-simonini/profil/spieler/224594","Second Striker",28,"Italy",8,7,1,443,1989
"Udinese Calcio","Serie A","Italy","Antonio De Vitis","https://www.transfermarkt.com/antonio-de-vitis/profil/spieler/224553","Centre-Forward",25,"Italy",24,22,4,1181,1989
"US Cremonese","Serie B","Italy","Luigi Turci","https://www.transfermarkt.com/luigi-turci/profil/spieler/6745","Goalkeeper",19,"Italy",8,0,0,0,1989
"US Cremonese","Serie B","Italy","Michelangelo Rampulla","https://www.transfermarkt.com/michelangelo-rampulla/profil/spieler/11808","Goalkeeper",26,"Italy",31,28,0,2518,1989
"US Cremonese","Serie B","Italy","Giacomo Violini","https://www.transfermarkt.com/giacomo-violini/profil/spieler/227710","Goalkeeper",32,"Italy",32,9,0,721,1989
"US Cremonese","Serie B","Italy","Mauro Bonomi","https://www.transfermarkt.com/mauro-bonomi/profil/spieler/24296","Centre-Back",16,"Italy",8,4,0,294,1989
"US Cremonese","Serie B","Italy","Giuseppe Favalli","https://www.transfermarkt.com/giuseppe-favalli/profil/spieler/5832","Left-Back",17,"Italy",30,30,0,2397,1989
"US Cremonese","Serie B","Italy","Luigi Gualco","https://www.transfermarkt.com/luigi-gualco/profil/spieler/227598","Centre-Back",24,"Italy",30,30,3,2579,1989
"US Cremonese","Serie B","Italy","Ivan Rizzardi","https://www.transfermarkt.com/ivan-rizzardi/profil/spieler/180551","Left-Back",22,"Italy",24,24,0,1876,1989
"US Cremonese","Serie B","Italy","Mario Montorfano","https://www.transfermarkt.com/mario-montorfano/profil/spieler/227677","Centre-Back",28,"Italy",33,26,0,2218,1989
"US Cremonese","Serie B","Italy","Felice Garzilli","https://www.transfermarkt.com/felice-garzilli/profil/spieler/227656","Right-Back",31,"Italy",31,29,0,2329,1989
"US Cremonese","Serie B","Italy","Filippo Citterio","https://www.transfermarkt.com/filippo-citterio/profil/spieler/243800","Left-Back",33,"Italy",30,30,1,2682,1989
"US Cremonese","Serie B","Italy","Dario Marcolin","https://www.transfermarkt.com/dario-marcolin/profil/spieler/3510","Defensive Midfield",17,"Italy",5,4,1,316,1989
"US Cremonese","Serie B","Italy","Fulvio Bonomi","https://www.transfermarkt.com/fulvio-bonomi/profil/spieler/227396","midfield",29,"Italy",29,29,1,2372,1989
"US Cremonese","Serie B","Italy","Ettore Ferraroni","https://www.transfermarkt.com/ettore-ferraroni/profil/spieler/227594","midfield",21,"Italy",28,15,0,628,1989
"US Cremonese","Serie B","Italy","Anders Limpar","https://www.transfermarkt.com/anders-limpar/profil/spieler/101098","Attacking Midfield",23,"Sweden",26,26,3,2184,1989
"US Cremonese","Serie B","Italy","Riccardo Maspero","https://www.transfermarkt.com/riccardo-maspero/profil/spieler/167091","Attacking Midfield",18,"Italy",23,14,1,569,1989
"US Cremonese","Serie B","Italy","Massimo Lombardini","https://www.transfermarkt.com/massimo-lombardini/profil/spieler/227667","midfield",17,"Italy",2,0,0,0,1989
"US Cremonese","Serie B","Italy","Enrico Piccioni","https://www.transfermarkt.com/enrico-piccioni/profil/spieler/227690","midfield",27,"Italy",33,33,2,2877,1989
"US Cremonese","Serie B","Italy","Pierangelo Avanzi","https://www.transfermarkt.com/pierangelo-avanzi/profil/spieler/227633","midfield",22,"Italy",32,23,1,1123,1989
"US Cremonese","Serie B","Italy","Alviero Chiorri","https://www.transfermarkt.com/alviero-chiorri/profil/spieler/227644","Left Midfield",30,"Italy",22,22,2,1616,1989
"US Cremonese","Serie B","Italy","Roberto Galletti","https://www.transfermarkt.com/roberto-galletti/profil/spieler/227654","midfield",22,"Italy",22,11,0,600,1989
"US Cremonese","Serie B","Italy","Onofrio Loseto","https://www.transfermarkt.com/onofrio-loseto/profil/spieler/227670","midfield",29,"Italy",2,2,0,100,1989
"US Cremonese","Serie B","Italy","Marco Merlo","https://www.transfermarkt.com/marco-merlo/profil/spieler/227675","midfield",21,"Italy",25,16,1,1195,1989
"US Cremonese","Serie B","Italy","Gustavo Dezotti","https://www.transfermarkt.com/gustavo-dezotti/profil/spieler/106975","Centre-Forward",25,"Argentina",34,34,15,2945,1989
"US Cremonese","Serie B","Italy","Gustavo Neffa","https://www.transfermarkt.com/gustavo-neffa/profil/spieler/227680","Second Striker",17,"Paraguay",25,16,1,872,1989
"US Cremonese","Serie B","Italy","Gianfranco Cinello","https://www.transfermarkt.com/gianfranco-cinello/profil/spieler/227645","Centre-Forward",27,"Italy",8,5,0,367,1989
"AS Roma","Serie A","Italy","Luca Alidori","https://www.transfermarkt.com/luca-alidori/profil/spieler/243079","Goalkeeper",18,"Italy",1,0,0,0,1989
"AS Roma","Serie A","Italy","Ferro Tontini","https://www.transfermarkt.com/ferro-tontini/profil/spieler/247321","Goalkeeper",19,"Italy",8,1,0,2,1989
"AS Roma","Serie A","Italy","Alberto Jacuzzo","https://www.transfermarkt.com/alberto-jacuzzo/profil/spieler/248883","Goalkeeper",19,"Italy",0,0,0,0,1989
"AS Roma","Serie A","Italy","Franco Tancredi","https://www.transfermarkt.com/franco-tancredi/profil/spieler/116742","Goalkeeper",34,"Italy",34,7,0,628,1989
"AS Roma","Serie A","Italy","Giovanni Cervone","https://www.transfermarkt.com/giovanni-cervone/profil/spieler/227454","Goalkeeper",26,"Italy",33,33,0,2970,1989
"AS Roma","Serie A","Italy","Fabio Petruzzi","https://www.transfermarkt.com/fabio-petruzzi/profil/spieler/5968","Centre-Back",18,"Italy",2,1,0,6,1989
"AS Roma","Serie A","Italy","Antonio Tempestilli","https://www.transfermarkt.com/antonio-tempestilli/profil/spieler/226522","Right-Back",29,"Italy",35,34,4,2780,1989
"AS Roma","Serie A","Italy","Sebastiano Nela","https://www.transfermarkt.com/sebastiano-nela/profil/spieler/116729","Left-Back",28,"Italy",36,36,1,3213,1989
"AS Roma","Serie A","Italy","Thomas Berthold","https://www.transfermarkt.com/thomas-berthold/profil/spieler/57","Centre-Back",24,"Germany",38,38,2,3387,1989
"AS Roma","Serie A","Italy","Antonio Comi","https://www.transfermarkt.com/antonio-comi/profil/spieler/227457","Centre-Back",24,"Italy",37,37,1,3280,1989
"AS Roma","Serie A","Italy","Stefano Pellegrini","https://www.transfermarkt.com/stefano-pellegrini/profil/spieler/224536","Right-Back",21,"Italy",37,23,0,1387,1989
"AS Roma","Serie A","Italy","Alessandro Cucciari","https://www.transfermarkt.com/alessandro-cucciari/profil/spieler/15335","Defensive Midfield",19,"Italy",24,7,0,124,1989
"AS Roma","Serie A","Italy","Giampiero Maini","https://www.transfermarkt.com/giampiero-maini/profil/spieler/16851","midfield",17,"Italy",0,0,0,0,1989
"AS Roma","Serie A","Italy","Lionello Manfredonia","https://www.transfermarkt.com/lionello-manfredonia/profil/spieler/135788","Defensive Midfield",32,"Italy",17,17,0,1378,1989
"AS Roma","Serie A","Italy","Fabrizio Di Mauro","https://www.transfermarkt.com/fabrizio-di-mauro/profil/spieler/224932","Defensive Midfield",24,"Italy",35,34,3,2880,1989
"AS Roma","Serie A","Italy","Giovanni Piacentini","https://www.transfermarkt.com/giovanni-piacentini/profil/spieler/211850","Defensive Midfield",21,"Italy",22,17,0,888,1989
"AS Roma","Serie A","Italy","Francesco Statuto","https://www.transfermarkt.com/francesco-statuto/profil/spieler/151891","Central Midfield",17,"Italy",0,0,0,0,1989
"AS Roma","Serie A","Italy","Manuel Gerolin","https://www.transfermarkt.com/manuel-gerolin/profil/spieler/227747","Central Midfield",28,"Italy",32,29,3,2354,1989
"AS Roma","Serie A","Italy","Stefano Impallomeni","https://www.transfermarkt.com/stefano-impallomeni/profil/spieler/227756","midfield",21,"Italy",20,6,0,110,1989
"AS Roma","Serie A","Italy","Stefano Desideri","https://www.transfermarkt.com/stefano-desideri/profil/spieler/224529","Right Midfield",23,"Italy",32,32,12,2719,1989
"AS Roma","Serie A","Italy","Giuseppe Giannini","https://www.transfermarkt.com/giuseppe-giannini/profil/spieler/118254","Attacking Midfield",24,"Italy",36,36,5,3167,1989
"AS Roma","Serie A","Italy","Roberto Muzzi","https://www.transfermarkt.com/roberto-muzzi/profil/spieler/5900","Centre-Forward",17,"Italy",1,1,0,13,1989
"AS Roma","Serie A","Italy","Paolo Baldieri","https://www.transfermarkt.com/paolo-baldieri/profil/spieler/226057","Attack",24,"Italy",36,12,0,394,1989
"AS Roma","Serie A","Italy","Bruno Conti","https://www.transfermarkt.com/bruno-conti/profil/spieler/116698","Right Winger",34,"Italy",31,22,2,1171,1989
"AS Roma","Serie A","Italy","Rudi Völler","https://www.transfermarkt.com/rudi-voller/profil/spieler/13775","Centre-Forward",29,"Germany",38,38,16,3297,1989
"AS Roma","Serie A","Italy","Ruggiero Rizzitelli","https://www.transfermarkt.com/ruggiero-rizzitelli/profil/spieler/16965","Centre-Forward",21,"Italy",40,40,8,3326,1989
"ACF Fiorentina","Serie A","Italy","Giuseppe Pellicanò","https://www.transfermarkt.com/giuseppe-pellicano/profil/spieler/227288","Goalkeeper",35,"Italy",39,0,0,0,1989
"ACF Fiorentina","Serie A","Italy","Marco Landucci","https://www.transfermarkt.com/marco-landucci/profil/spieler/120404","Goalkeeper",25,"Italy",50,50,0,4560,1989
"ACF Fiorentina","Serie A","Italy","Alberto Malusci","https://www.transfermarkt.com/alberto-malusci/profil/spieler/15538","Sweeper",17,"Italy",33,16,0,985,1989
"ACF Fiorentina","Serie A","Italy","Stefano Pioli","https://www.transfermarkt.com/stefano-pioli/profil/spieler/120411","Centre-Back",23,"Italy",39,39,1,3482,1989
"ACF Fiorentina","Serie A","Italy","Roberto Bosco","https://www.transfermarkt.com/roberto-bosco/profil/spieler/226408","Defender",27,"Italy",9,7,1,467,1989
"ACF Fiorentina","Serie A","Italy","Mario Faccenda","https://www.transfermarkt.com/mario-faccenda/profil/spieler/226446","Centre-Back",28,"Italy",28,26,0,1849,1989
"ACF Fiorentina","Serie A","Italy","Vincenzo Matrone","https://www.transfermarkt.com/vincenzo-matrone/profil/spieler/248885","Defender",17,"Italy",5,0,0,0,1989
"ACF Fiorentina","Serie A","Italy","Giuseppe Volpecina","https://www.transfermarkt.com/giuseppe-volpecina/profil/spieler/120429","Left-Back",28,"Italy",43,42,2,3640,1989
"ACF Fiorentina","Serie A","Italy","Celeste Pin","https://www.transfermarkt.com/celeste-pin/profil/spieler/120428","Defender",28,"Italy",44,42,0,3414,1989
"ACF Fiorentina","Serie A","Italy","Alberto Di Chiara","https://www.transfermarkt.com/alberto-di-chiara/profil/spieler/120395","Left-Back",25,"Italy",34,32,3,2427,1989
"ACF Fiorentina","Serie A","Italy","Roberto Onorati","https://www.transfermarkt.com/roberto-onorati/profil/spieler/173708","Attacking Midfield",23,"Italy",2,2,0,87,1989
"ACF Fiorentina","Serie A","Italy","Giacomo Callegari","https://www.transfermarkt.com/giacomo-callegari/profil/spieler/120424","midfield",18,"Italy",14,5,0,57,1989
"ACF Fiorentina","Serie A","Italy","Alessandro Antinori","https://www.transfermarkt.com/alessandro-antinori/profil/spieler/120421","midfield",17,"Italy",4,2,0,95,1989
"ACF Fiorentina","Serie A","Italy","Giuseppe Iachini","https://www.transfermarkt.com/giuseppe-iachini/profil/spieler/120402","Defensive Midfield",25,"Italy",39,34,0,2941,1989
"ACF Fiorentina","Serie A","Italy","Paolo Perugi","https://www.transfermarkt.com/paolo-perugi/profil/spieler/227283","midfield",24,"Italy",0,0,0,0,1989
"ACF Fiorentina","Serie A","Italy","Luigi Sacchi","https://www.transfermarkt.com/luigi-sacchi/profil/spieler/227318","Defensive Midfield",17,"Italy",6,3,0,95,1989
"ACF Fiorentina","Serie A","Italy","Stefano Daniel","https://www.transfermarkt.com/stefano-daniel/profil/spieler/227648","midfield",20,"Italy",10,4,0,217,1989
"ACF Fiorentina","Serie A","Italy","Simone Sereni","https://www.transfermarkt.com/simone-sereni/profil/spieler/244942","midfield",20,"Italy",8,4,0,43,1989
"ACF Fiorentina","Serie A","Italy","Andrea Vascotto","https://www.transfermarkt.com/andrea-vascotto/profil/spieler/227286","midfield",17,"Italy",1,0,0,0,1989
"ACF Fiorentina","Serie A","Italy","Federico Barontini","https://www.transfermarkt.com/federico-barontini/profil/spieler/248878","midfield",17,"Italy",3,0,0,0,1989
"ACF Fiorentina","Serie A","Italy","Antonio Dell'Oglio","https://www.transfermarkt.com/antonio-delloglio/profil/spieler/120419","Right Midfield",26,"Italy",35,35,2,2704,1989
"ACF Fiorentina","Serie A","Italy","Dunga","https://www.transfermarkt.com/dunga/profil/spieler/96342","Defensive Midfield",25,"Brazil",41,41,1,3578,1989
"ACF Fiorentina","Serie A","Italy","Sergio Battistini","https://www.transfermarkt.com/sergio-battistini/profil/spieler/120391","Defensive Midfield",26,"Italy",46,46,5,4139,1989
"ACF Fiorentina","Serie A","Italy","Lubos Kubik","https://www.transfermarkt.com/lubos-kubik/profil/spieler/17964","Central Midfield",25,"Czech Republic",42,40,3,2991,1989
"ACF Fiorentina","Serie A","Italy","Renato Buso","https://www.transfermarkt.com/renato-buso/profil/spieler/120392","Right Midfield",19,"Italy",41,41,7,3069,1989
"ACF Fiorentina","Serie A","Italy","Mauro Zironelli","https://www.transfermarkt.com/mauro-zironelli/profil/spieler/314705","midfield",19,"Italy",6,3,0,150,1989
"ACF Fiorentina","Serie A","Italy","Óscar Dertycia","https://www.transfermarkt.com/oscar-dertycia/profil/spieler/120394","Centre-Forward",24,"Argentina",29,28,5,2178,1989
"ACF Fiorentina","Serie A","Italy","Giacomo Banchelli","https://www.transfermarkt.com/giacomo-banchelli/profil/spieler/223333","Centre-Forward",16,"Italy",12,6,0,111,1989
"ACF Fiorentina","Serie A","Italy","Andrea Basciu","https://www.transfermarkt.com/andrea-basciu/profil/spieler/248371","Attack",17,"Italy",3,1,0,80,1989
"ACF Fiorentina","Serie A","Italy","Roberto Del Lama","https://www.transfermarkt.com/roberto-del-lama/profil/spieler/248381","Attack",17,"Italy",4,2,0,13,1989
"ACF Fiorentina","Serie A","Italy","Marco Nappi","https://www.transfermarkt.com/marco-nappi/profil/spieler/120420","Second Striker",23,"Italy",27,27,4,2217,1989
"ACF Fiorentina","Serie A","Italy","Roberto Baggio","https://www.transfermarkt.com/roberto-baggio/profil/spieler/4153","Second Striker",22,"Italy",46,46,19,4115,1989
"SSC Napoli","Serie A","Italy","Giuliano Giuliani","https://www.transfermarkt.com/giuliano-giuliani/profil/spieler/120386","Goalkeeper",30,"Italy",46,44,0,4020,1989
"SSC Napoli","Serie A","Italy","Raffaele Di Fusco","https://www.transfermarkt.com/raffaele-di-fusco/profil/spieler/86766","Goalkeeper",27,"Italy",36,2,0,180,1989
"SSC Napoli","Serie A","Italy","Marco Morrone","https://www.transfermarkt.com/marco-morrone/profil/spieler/248917","Goalkeeper",17,"Italy",3,0,0,0,1989
"SSC Napoli","Serie A","Italy","Ciro Ferrara","https://www.transfermarkt.com/ciro-ferrara/profil/spieler/5749","Centre-Back",22,"Italy",45,45,0,4061,1989
"SSC Napoli","Serie A","Italy","Massimo Tarantino","https://www.transfermarkt.com/massimo-tarantino/profil/spieler/28873","Left-Back",18,"Italy",9,2,0,8,1989
"SSC Napoli","Serie A","Italy","Giovanni Francini","https://www.transfermarkt.com/giovanni-francini/profil/spieler/118252","Left-Back",25,"Italy",37,36,4,3093,1989
"SSC Napoli","Serie A","Italy","Giancarlo Corradini","https://www.transfermarkt.com/giancarlo-corradini/profil/spieler/120381","Centre-Back",28,"Italy",43,38,2,2837,1989
"SSC Napoli","Serie A","Italy","Marco Baroni","https://www.transfermarkt.com/marco-baroni/profil/spieler/120379","Centre-Back",25,"Italy",44,44,3,3725,1989
"SSC Napoli","Serie A","Italy","Alessandro Renica","https://www.transfermarkt.com/alessandro-renica/profil/spieler/120385","Sweeper",26,"Italy",21,13,2,928,1989
"SSC Napoli","Serie A","Italy","Tebaldo Bigliardi","https://www.transfermarkt.com/tebaldo-bigliardi/profil/spieler/216657","Centre-Back",26,"Italy",30,11,0,378,1989
"SSC Napoli","Serie A","Italy","Simone Airoldi","https://www.transfermarkt.com/simone-airoldi/profil/spieler/248344","Centre-Back",18,"Italy",4,0,0,0,1989
"SSC Napoli","Serie A","Italy","Umberto Izzo","https://www.transfermarkt.com/umberto-izzo/profil/spieler/248882","Defender",18,"Italy",2,0,0,0,1989
"SSC Napoli","Serie A","Italy","Diego Maradona","https://www.transfermarkt.com/diego-maradona/profil/spieler/8024","Attacking Midfield",28,"Argentina",36,36,18,3060,1989
"SSC Napoli","Serie A","Italy","Fernando De Napoli","https://www.transfermarkt.com/fernando-de-napoli/profil/spieler/116755","Central Midfield",25,"Italy",43,41,0,3635,1989
"SSC Napoli","Serie A","Italy","Luca Fusi","https://www.transfermarkt.com/luca-fusi/profil/spieler/118253","Defensive Midfield",26,"Italy",44,40,2,3413,1989
"SSC Napoli","Serie A","Italy","Alemão","https://www.transfermarkt.com/alemao/profil/spieler/117634","Defensive Midfield",27,"Brazil",35,35,4,2997,1989
"SSC Napoli","Serie A","Italy","Massimo Crippa","https://www.transfermarkt.com/massimo-crippa/profil/spieler/120377","Central Midfield",24,"Italy",42,42,4,3722,1989
"SSC Napoli","Serie A","Italy","Massimo Mauro","https://www.transfermarkt.com/massimo-mauro/profil/spieler/120383","Right Midfield",27,"Italy",42,40,2,2571,1989
"SSC Napoli","Serie A","Italy","Antonio Bucciarelli","https://www.transfermarkt.com/antonio-bucciarelli/profil/spieler/228851","Central Midfield",18,"Italy",17,4,0,17,1989
"SSC Napoli","Serie A","Italy","Luca Altomare","https://www.transfermarkt.com/luca-altomare/profil/spieler/228559","Central Midfield",17,"Italy",1,0,0,0,1989
"SSC Napoli","Serie A","Italy","Pasquale Sanseverino","https://www.transfermarkt.com/pasquale-sanseverino/profil/spieler/248888","midfield",17,"Italy",3,0,0,0,1989
"SSC Napoli","Serie A","Italy","Gianfranco Zola","https://www.transfermarkt.com/gianfranco-zola/profil/spieler/3177","Second Striker",22,"Italy",44,26,3,1196,1989
"SSC Napoli","Serie A","Italy","Marco Ferrante","https://www.transfermarkt.com/marco-ferrante/profil/spieler/21883","Centre-Forward",18,"Italy",6,0,0,0,1989
"SSC Napoli","Serie A","Italy","Careca","https://www.transfermarkt.com/careca/profil/spieler/117626","Centre-Forward",28,"Brazil",29,29,12,2506,1989
"SSC Napoli","Serie A","Italy","Andrea Carnevale","https://www.transfermarkt.com/andrea-carnevale/profil/spieler/120380","Centre-Forward",28,"Italy",43,42,9,3624,1989
"SSC Napoli","Serie A","Italy","Maurizio Neri","https://www.transfermarkt.com/maurizio-neri/profil/spieler/224941","Centre-Forward",24,"Italy",6,5,0,155,1989
"Inter Milan","Serie A","Italy","Luca Mondini","https://www.transfermarkt.com/luca-mondini/profil/spieler/30646","Goalkeeper",19,"Italy",2,0,0,0,1989
"Inter Milan","Serie A","Italy","Walter Zenga","https://www.transfermarkt.com/walter-zenga/profil/spieler/116754","Goalkeeper",29,"Italy",39,38,0,3406,1989
"Inter Milan","Serie A","Italy","Astutillo Malgioglio","https://www.transfermarkt.com/astutillo-malgioglio/profil/spieler/223011","Goalkeeper",31,"Italy",35,4,0,314,1989
"Inter Milan","Serie A","Italy","Stefano Rossini","https://www.transfermarkt.com/stefano-rossini/profil/spieler/30656","Left-Back",18,"Italy",33,16,0,591,1989
"Inter Milan","Serie A","Italy","Andreas Brehme","https://www.transfermarkt.com/andreas-brehme/profil/spieler/16056","Left-Back",28,"Germany",39,39,6,3494,1989
"Inter Milan","Serie A","Italy","Corrado Verdelli","https://www.transfermarkt.com/corrado-verdelli/profil/spieler/214674","Defender",25,"Italy",38,32,0,2365,1989
"Inter Milan","Serie A","Italy","Riccardo Ferri","https://www.transfermarkt.com/riccardo-ferri/profil/spieler/118251","Centre-Back",25,"Italy",26,24,0,2147,1989
"Inter Milan","Serie A","Italy","Giuseppe Bergomi","https://www.transfermarkt.com/giuseppe-bergomi/profil/spieler/107860","Right-Back",25,"Italy",39,39,2,3540,1989
"Inter Milan","Serie A","Italy","Massimiliano Tacchinardi","https://www.transfermarkt.com/massimiliano-tacchinardi/profil/spieler/228539","Defender",17,"Italy",3,0,0,0,1989
"Inter Milan","Serie A","Italy","Ildebrando Stafico","https://www.transfermarkt.com/ildebrando-stafico/profil/spieler/248380","Centre-Back",18,"Italy",2,0,0,0,1989
"Inter Milan","Serie A","Italy","Cristiano Scapolo","https://www.transfermarkt.com/cristiano-scapolo/profil/spieler/164567","Attacking Midfield",18,"Italy",3,1,0,9,1989
"Inter Milan","Serie A","Italy","Stefano Vecchi","https://www.transfermarkt.com/stefano-vecchi/profil/spieler/253329","midfield",17,"Italy",1,0,0,0,1989
"Inter Milan","Serie A","Italy","Lothar Matthäus","https://www.transfermarkt.com/lothar-matthaus/profil/spieler/1527","Defensive Midfield",28,"Germany",30,30,13,2639,1989
"Inter Milan","Serie A","Italy","Gianfranco Matteoli","https://www.transfermarkt.com/gianfranco-matteoli/profil/spieler/214675","Defensive Midfield",30,"Italy",39,39,1,3188,1989
"Inter Milan","Serie A","Italy","Andrea Mandorlini","https://www.transfermarkt.com/andrea-mandorlini/profil/spieler/214676","Defensive Midfield",28,"Italy",29,29,3,2549,1989
"Inter Milan","Serie A","Italy","Nicola Berti","https://www.transfermarkt.com/nicola-berti/profil/spieler/102473","Central Midfield",22,"Italy",35,35,5,2954,1989
"Inter Milan","Serie A","Italy","Enrico Cucchi","https://www.transfermarkt.com/enrico-cucchi/profil/spieler/214678","Central Midfield",23,"Italy",33,23,1,1437,1989
"Inter Milan","Serie A","Italy","Giuseppe Baresi","https://www.transfermarkt.com/giuseppe-baresi/profil/spieler/116683","Defensive Midfield",31,"Italy",35,21,1,1397,1989
"Inter Milan","Serie A","Italy","Pierluigi Di Già","https://www.transfermarkt.com/pierluigi-di-gia/profil/spieler/222777","Central Midfield",21,"Italy",22,11,0,239,1989
"Inter Milan","Serie A","Italy","Alberto Rivolta","https://www.transfermarkt.com/alberto-rivolta/profil/spieler/228542","midfield",21,"Italy",4,0,0,0,1989
"Inter Milan","Serie A","Italy","Sergio Battistini","https://www.transfermarkt.com/sergio-battistini/profil/spieler/120391","Defensive Midfield",26,"Italy",1,1,0,90,1989
"Inter Milan","Serie A","Italy","Jürgen Klinsmann","https://www.transfermarkt.com/jurgen-klinsmann/profil/spieler/16980","Centre-Forward",24,"Germany",37,37,15,3279,1989
"Inter Milan","Serie A","Italy","Aldo Serena","https://www.transfermarkt.com/aldo-serena/profil/spieler/116741","Centre-Forward",29,"Italy",36,36,13,3194,1989
"Inter Milan","Serie A","Italy","Dario Morello","https://www.transfermarkt.com/dario-morello/profil/spieler/214679","Centre-Forward",21,"Italy",36,28,2,1472,1989
"Inter Milan","Serie A","Italy","Alessandro Bianchi","https://www.transfermarkt.com/alessandro-bianchi/profil/spieler/214677","Right Winger",23,"Italy",38,36,1,2577,1989
"Juventus FC","Serie A","Italy","Adriano Bonaiuti","https://www.transfermarkt.com/adriano-bonaiuti/profil/spieler/16983","Goalkeeper",22,"Italy",40,1,0,90,1989
"Juventus FC","Serie A","Italy","Davide Micillo","https://www.transfermarkt.com/davide-micillo/profil/spieler/5965","Goalkeeper",18,"Italy",1,0,0,0,1989
"Juventus FC","Serie A","Italy","Stefano Tacconi","https://www.transfermarkt.com/stefano-tacconi/profil/spieler/118257","Goalkeeper",32,"Italy",53,53,0,4800,1989
"Juventus FC","Serie A","Italy","Luigi De Agostini","https://www.transfermarkt.com/luigi-de-agostini/profil/spieler/118258","Left-Back",28,"Italy",53,53,8,4782,1989
"Juventus FC","Serie A","Italy","Dario Bonetti","https://www.transfermarkt.com/dario-bonetti/profil/spieler/121088","Centre-Back",27,"Italy",44,44,3,3867,1989
"Juventus FC","Serie A","Italy","Nicolò Napoli","https://www.transfermarkt.com/nicolo-napoli/profil/spieler/223352","Right-Back",27,"Italy",38,33,3,2572,1989
"Juventus FC","Serie A","Italy","Pasquale Bruno","https://www.transfermarkt.com/pasquale-bruno/profil/spieler/222748","Right-Back",27,"Italy",36,29,0,1985,1989
"Juventus FC","Serie A","Italy","Roberto Tricella","https://www.transfermarkt.com/roberto-tricella/profil/spieler/116745","Sweeper",30,"Italy",36,28,0,2536,1989
"Juventus FC","Serie A","Italy","Sergio Brio","https://www.transfermarkt.com/sergio-brio/profil/spieler/209645","Centre-Back",32,"Italy",42,25,1,1347,1989
"Juventus FC","Serie A","Italy","Massimiliano Rosa","https://www.transfermarkt.com/massimiliano-rosa/profil/spieler/228317","Centre-Back",18,"Italy",8,1,0,11,1989
"Juventus FC","Serie A","Italy","Michele Serena","https://www.transfermarkt.com/michele-serena/profil/spieler/5777","Left-Back",19,"Italy",13,5,0,83,1989
"Juventus FC","Serie A","Italy","Andrea De Min","https://www.transfermarkt.com/andrea-de-min/profil/spieler/248879","Centre-Back",18,"Italy",2,0,0,0,1989
"Juventus FC","Serie A","Italy","Paolo Siroti","https://www.transfermarkt.com/paolo-siroti/profil/spieler/255896","Defender",19,"Italy",3,0,0,0,1989
"Juventus FC","Serie A","Italy","Federico Giampaolo","https://www.transfermarkt.com/federico-giampaolo/profil/spieler/22273","Attacking Midfield",19,"Italy",1,0,0,0,1989
"Juventus FC","Serie A","Italy","Rui Barros","https://www.transfermarkt.com/rui-barros/profil/spieler/108757","Attacking Midfield",23,"Portugal",51,50,4,4093,1989
"Juventus FC","Serie A","Italy","Giancarlo Marocchi","https://www.transfermarkt.com/giancarlo-marocchi/profil/spieler/173739","Central Midfield",23,"Italy",51,51,8,4516,1989
"Juventus FC","Serie A","Italy","Sergey Aleynikov","https://www.transfermarkt.com/sergey-aleynikov/profil/spieler/88122","Attacking Midfield",27,"Belarus",50,50,3,4204,1989
"Juventus FC","Serie A","Italy","Roberto Galia","https://www.transfermarkt.com/roberto-galia/profil/spieler/121091","Left Midfield",26,"Italy",49,47,5,3926,1989
"Juventus FC","Serie A","Italy","Oleksandr Zavarov","https://www.transfermarkt.com/oleksandr-zavarov/profil/spieler/107149","Attacking Midfield",28,"Ukraine",44,41,9,3374,1989
"Juventus FC","Serie A","Italy","Daniele Fortunato","https://www.transfermarkt.com/daniele-fortunato/profil/spieler/223002","Defensive Midfield",26,"Italy",29,28,4,2421,1989
"Juventus FC","Serie A","Italy","Salvatore Avallone","https://www.transfermarkt.com/salvatore-avallone/profil/spieler/229193","midfield",19,"Italy",9,4,0,125,1989
"Juventus FC","Serie A","Italy","Maurizio Testa","https://www.transfermarkt.com/maurizio-testa/profil/spieler/248889","midfield",19,"Italy",3,0,0,0,1989
"Juventus FC","Serie A","Italy","Gerry Cavallo","https://www.transfermarkt.com/gerry-cavallo/profil/spieler/248898","midfield",17,"Italy",1,0,0,0,1989
"Juventus FC","Serie A","Italy","Andrea Caverzan","https://www.transfermarkt.com/andrea-caverzan/profil/spieler/224549","Left Midfield",20,"Italy",2,0,0,0,1989
"Juventus FC","Serie A","Italy","Angelo Alessio","https://www.transfermarkt.com/angelo-alessio/profil/spieler/222798","Right Winger",24,"Italy",46,38,4,2310,1989
"Juventus FC","Serie A","Italy","Salvatore Schillaci","https://www.transfermarkt.com/salvatore-schillaci/profil/spieler/90513","Centre-Forward",24,"Italy",50,50,21,4245,1989
"Juventus FC","Serie A","Italy","Pierluigi Casiraghi","https://www.transfermarkt.com/pierluigi-casiraghi/profil/spieler/102485","Centre-Forward",20,"Italy",51,42,10,2427,1989
"Genoa CFC","Serie A","Italy","Attilio Gregori","https://www.transfermarkt.com/attilio-gregori/profil/spieler/223467","Goalkeeper",23,"Italy",36,18,0,1595,1989
"Genoa CFC","Serie A","Italy","Simone Braglia","https://www.transfermarkt.com/simone-braglia/profil/spieler/223453","Goalkeeper",26,"Italy",35,20,0,1735,1989
"Genoa CFC","Serie A","Italy","Nicola Caricola","https://www.transfermarkt.com/nicola-caricola/profil/spieler/217801","Centre-Back",26,"Italy",33,32,1,2786,1989
"Genoa CFC","Serie A","Italy","Fulvio Collovati","https://www.transfermarkt.com/fulvio-collovati/profil/spieler/116697","Centre-Back",32,"Italy",36,32,0,2812,1989
"Genoa CFC","Serie A","Italy","Vincenzo Torrente","https://www.transfermarkt.com/vincenzo-torrente/profil/spieler/223492","Right-Back",23,"Italy",28,27,1,2330,1989
"Genoa CFC","Serie A","Italy","Armando Ferroni","https://www.transfermarkt.com/armando-ferroni/profil/spieler/223461","Left-Back",28,"Italy",36,23,1,1567,1989
"Genoa CFC","Serie A","Italy","Gianluca Signorini","https://www.transfermarkt.com/gianluca-signorini/profil/spieler/223488","Centre-Back",29,"Italy",30,30,1,2695,1989
"Genoa CFC","Serie A","Italy","Fabio Rossi","https://www.transfermarkt.com/fabio-rossi/profil/spieler/248332","Defender",18,"Italy",18,0,0,0,1989
"Genoa CFC","Serie A","Italy","Stefano Eranio","https://www.transfermarkt.com/stefano-eranio/profil/spieler/4227","Right Midfield",22,"Italy",29,28,0,2382,1989
"Genoa CFC","Serie A","Italy","Davide Fontolan","https://www.transfermarkt.com/davide-fontolan/profil/spieler/163317","Left Midfield",23,"Italy",35,35,10,2922,1989
"Genoa CFC","Serie A","Italy","Gennaro Ruotolo","https://www.transfermarkt.com/gennaro-ruotolo/profil/spieler/21236","Central Midfield",22,"Italy",34,34,3,3014,1989
"Genoa CFC","Serie A","Italy","Cristiano Scazzola","https://www.transfermarkt.com/cristiano-scazzola/profil/spieler/248981","Right Midfield",17,"Italy",1,0,0,0,1989
"Genoa CFC","Serie A","Italy","Franco Rotella","https://www.transfermarkt.com/franco-rotella/profil/spieler/223113","Right Midfield",22,"Italy",37,17,1,889,1989
"Genoa CFC","Serie A","Italy","Rubén Paz","https://www.transfermarkt.com/ruben-paz/profil/spieler/116074","Left Midfield",29,"Uruguay",27,25,1,1949,1989
"Genoa CFC","Serie A","Italy","Valeriano Fiorin","https://www.transfermarkt.com/valeriano-fiorin/profil/spieler/223462","Defensive Midfield",22,"Italy",37,35,3,2869,1989
"Genoa CFC","Serie A","Italy","José Perdomo","https://www.transfermarkt.com/jose-perdomo/profil/spieler/223476","Defensive Midfield",24,"Uruguay",25,25,0,2193,1989
"Genoa CFC","Serie A","Italy","Alberto Urban","https://www.transfermarkt.com/alberto-urban/profil/spieler/223493","midfield",28,"Italy",30,24,4,1976,1989
"Genoa CFC","Serie A","Italy","Augusto Gentilini","https://www.transfermarkt.com/augusto-gentilini/profil/spieler/223465","Defensive Midfield",28,"Italy",0,0,0,0,1989
"Genoa CFC","Serie A","Italy","Alessandro Quaggiotto","https://www.transfermarkt.com/alessandro-quaggiotto/profil/spieler/223480","midfield",27,"Italy",0,0,0,0,1989
"Genoa CFC","Serie A","Italy","Ferdinando Signorelli","https://www.transfermarkt.com/ferdinando-signorelli/profil/spieler/223487","Right Midfield",22,"Italy",3,3,0,237,1989
"Genoa CFC","Serie A","Italy","Giovanni Fasce","https://www.transfermarkt.com/giovanni-fasce/profil/spieler/248305","Defensive Midfield",19,"Italy",20,1,0,2,1989
"Genoa CFC","Serie A","Italy","Marco Camerano","https://www.transfermarkt.com/marco-camerano/profil/spieler/248299","midfield",17,"Italy",7,0,0,0,1989
"Genoa CFC","Serie A","Italy","Carlos Aguilera","https://www.transfermarkt.com/carlos-aguilera/profil/spieler/116069","Centre-Forward",24,"Uruguay",32,32,8,2824,1989
"Genoa CFC","Serie A","Italy","Andrea Mariano","https://www.transfermarkt.com/andrea-mariano/profil/spieler/248322","Attack",21,"Italy",9,1,0,5,1989
"Genoa CFC","Serie A","Italy","Massimiliano Covelli","https://www.transfermarkt.com/massimiliano-covelli/profil/spieler/248372","Attack",18,"Italy",5,1,0,3,1989
"Atalanta BC","Serie A","Italy","Fabrizio Ferron","https://www.transfermarkt.com/fabrizio-ferron/profil/spieler/3523","Goalkeeper",23,"Italy",40,40,0,3630,1989
"Atalanta BC","Serie A","Italy","Ottorino Piotti","https://www.transfermarkt.com/ottorino-piotti/profil/spieler/222986","Goalkeeper",34,"Italy",34,0,0,0,1989
"Atalanta BC","Serie A","Italy","Costanzo Barcella","https://www.transfermarkt.com/costanzo-barcella/profil/spieler/222968","Centre-Back",24,"Italy",34,23,0,1550,1989
"Atalanta BC","Serie A","Italy","Luigino Pasciullo","https://www.transfermarkt.com/luigino-pasciullo/profil/spieler/222984","Centre-Back",28,"Italy",39,39,1,3540,1989
"Atalanta BC","Serie A","Italy","Sergio Porrini","https://www.transfermarkt.com/sergio-porrini/profil/spieler/106220","Right-Back",20,"Italy",19,10,1,715,1989
"Atalanta BC","Serie A","Italy","Domenico Progna","https://www.transfermarkt.com/domenico-progna/profil/spieler/222988","Centre-Back",25,"Italy",38,38,0,3450,1989
"Atalanta BC","Serie A","Italy","Francesco Zanoncelli","https://www.transfermarkt.com/francesco-zanoncelli/profil/spieler/223022","Centre-Back",21,"Italy",9,6,0,181,1989
"Atalanta BC","Serie A","Italy","Renzo Contratto","https://www.transfermarkt.com/renzo-contratto/profil/spieler/222992","Right-Back",29,"Italy",36,35,0,3120,1989
"Atalanta BC","Serie A","Italy","Andrea Di Cintio","https://www.transfermarkt.com/andrea-di-cintio/profil/spieler/222995","Defender",17,"Italy",0,0,0,0,1989
"Atalanta BC","Serie A","Italy","Paolo Rizzi","https://www.transfermarkt.com/paolo-rizzi/profil/spieler/223017","Centre-Back",20,"Italy",0,0,0,0,1989
"Atalanta BC","Serie A","Italy","Claudio Vertova","https://www.transfermarkt.com/claudio-vertova/profil/spieler/223001","Defender",29,"Italy",31,24,0,1866,1989
"Atalanta BC","Serie A","Italy","Stefano De Angelis","https://www.transfermarkt.com/stefano-de-angelis/profil/spieler/140425","Central Midfield",16,"Italy",1,0,0,0,1989
"Atalanta BC","Serie A","Italy","Armando Madonna","https://www.transfermarkt.com/armando-madonna/profil/spieler/166556","Right Midfield",25,"Italy",35,35,8,2819,1989
"Atalanta BC","Serie A","Italy","Pierluigi Orlandini","https://www.transfermarkt.com/pierluigi-orlandini/profil/spieler/160215","Right Midfield",16,"Italy",3,0,0,0,1989
"Atalanta BC","Serie A","Italy","Cesare Prandelli","https://www.transfermarkt.com/cesare-prandelli/profil/spieler/166767","Defensive Midfield",31,"Italy",28,19,0,955,1989
"Atalanta BC","Serie A","Italy","Glenn Strömberg","https://www.transfermarkt.com/glenn-stromberg/profil/spieler/222990","Central Midfield",29,"Sweden",34,34,1,3001,1989
"Atalanta BC","Serie A","Italy","Roberto Bordin","https://www.transfermarkt.com/roberto-bordin/profil/spieler/199545","Defensive Midfield",24,"Italy",38,32,3,2166,1989
"Atalanta BC","Serie A","Italy","Valter Bonacina","https://www.transfermarkt.com/valter-bonacina/profil/spieler/218177","Defensive Midfield",24,"Italy",36,35,2,2923,1989
"Atalanta BC","Serie A","Italy","Mario Bortolazzi","https://www.transfermarkt.com/mario-bortolazzi/profil/spieler/223005","Defensive Midfield",24,"Italy",33,25,4,1572,1989
"Atalanta BC","Serie A","Italy","Claudio Caniggia","https://www.transfermarkt.com/claudio-caniggia/profil/spieler/10367","Right Winger",22,"Argentina",36,36,10,2918,1989
"Atalanta BC","Serie A","Italy","Carlo Taldo","https://www.transfermarkt.com/carlo-taldo/profil/spieler/6051","Centre-Forward",17,"Italy",1,1,0,4,1989
"Atalanta BC","Serie A","Italy","Giorgio Bresciani","https://www.transfermarkt.com/giorgio-bresciani/profil/spieler/222747","Centre-Forward",20,"Italy",26,20,5,1100,1989
"Atalanta BC","Serie A","Italy","Giuseppe Compagno","https://www.transfermarkt.com/giuseppe-compagno/profil/spieler/222974","Right Winger",21,"Italy",9,5,0,222,1989
"Atalanta BC","Serie A","Italy","Evair","https://www.transfermarkt.com/evair/profil/spieler/222767","Centre-Forward",24,"Brazil",21,20,5,1605,1989
"Atalanta BC","Serie A","Italy","Eligio Nicolini","https://www.transfermarkt.com/eligio-nicolini/profil/spieler/222998","Right Winger",28,"Italy",28,28,1,2356,1989
"Atalanta BC","Serie A","Italy","Giovanni Bonavita","https://www.transfermarkt.com/giovanni-bonavita/profil/spieler/223004","Left Winger",17,"Italy",5,2,0,73,1989
"Atalanta BC","Serie A","Italy","Ulisse Paleni","https://www.transfermarkt.com/ulisse-paleni/profil/spieler/223014","Attack",26,"Italy",7,1,0,6,1989
"Hellas Verona","Serie A","Italy","Angelo Peruzzi","https://www.transfermarkt.com/angelo-peruzzi/profil/spieler/5826","Goalkeeper",19,"Italy",32,30,0,2659,1989
"Hellas Verona","Serie A","Italy","Luciano Bodini","https://www.transfermarkt.com/luciano-bodini/profil/spieler/221211","Goalkeeper",35,"Italy",31,6,0,491,1989
"Hellas Verona","Serie A","Italy","Christian Gobbo","https://www.transfermarkt.com/christian-gobbo/profil/spieler/248310","Goalkeeper",17,"Italy",3,0,0,0,1989
"Hellas Verona","Serie A","Italy","Marco Zuccher","https://www.transfermarkt.com/marco-zuccher/profil/spieler/243003","Goalkeeper",20,"Italy",3,0,0,0,1989
"Hellas Verona","Serie A","Italy","Ernesto Calisti","https://www.transfermarkt.com/ernesto-calisti/profil/spieler/227273","Defender",23,"Italy",23,19,0,1549,1989
"Hellas Verona","Serie A","Italy","Luciano Favero","https://www.transfermarkt.com/luciano-favero/profil/spieler/217796","Centre-Back",31,"Italy",35,35,0,3150,1989
"Hellas Verona","Serie A","Italy","Nelson Gutiérrez","https://www.transfermarkt.com/nelson-gutierrez/profil/spieler/116065","Centre-Back",27,"Uruguay",27,27,3,2355,1989
"Hellas Verona","Serie A","Italy","Vittorio Pusceddu","https://www.transfermarkt.com/vittorio-pusceddu/profil/spieler/223354","Left-Back",25,"Italy",33,32,3,2731,1989
"Hellas Verona","Serie A","Italy","Víctor Sotomayor","https://www.transfermarkt.com/victor-sotomayor/profil/spieler/223149","Centre-Back",21,"Argentina",24,22,1,1897,1989
"Hellas Verona","Serie A","Italy","Alfonso Bertozzi","https://www.transfermarkt.com/alfonso-bertozzi/profil/spieler/227449","Centre-Back",23,"Italy",31,21,1,1498,1989
"Hellas Verona","Serie A","Italy","Robert Prytz","https://www.transfermarkt.com/robert-prytz/profil/spieler/112277","Central Midfield",29,"Sweden",31,28,0,2285,1989
"Hellas Verona","Serie A","Italy","Antonio Elia Acerbis","https://www.transfermarkt.com/antonio-elia-acerbis/profil/spieler/224917","midfield",29,"Italy",32,25,0,1497,1989
"Hellas Verona","Serie A","Italy","Gianluca Gaudenzi","https://www.transfermarkt.com/gianluca-gaudenzi/profil/spieler/180479","midfield",23,"Italy",31,30,2,2507,1989
"Hellas Verona","Serie A","Italy","Marino Magrin","https://www.transfermarkt.com/marino-magrin/profil/spieler/222980","Attacking Midfield",29,"Italy",34,32,3,2565,1989
"Hellas Verona","Serie A","Italy","Paolo Piubelli","https://www.transfermarkt.com/paolo-piubelli/profil/spieler/227506","midfield",17,"Italy",1,0,0,0,1989
"Hellas Verona","Serie A","Italy","Pietro Fanna","https://www.transfermarkt.com/pietro-fanna/profil/spieler/227468","Attacking Midfield",31,"Italy",26,25,1,2037,1989
"Hellas Verona","Serie A","Italy","Antonio Terraciano","https://www.transfermarkt.com/antonio-terraciano/profil/spieler/227525","midfield",22,"Italy",9,5,0,241,1989
"Hellas Verona","Serie A","Italy","Vincenzo Mazzeo","https://www.transfermarkt.com/vincenzo-mazzeo/profil/spieler/203017","midfield",20,"Italy",26,7,0,168,1989
"Hellas Verona","Serie A","Italy","Matteo Pagani","https://www.transfermarkt.com/matteo-pagani/profil/spieler/244180","midfield",18,"Italy",7,0,0,0,1989
"Hellas Verona","Serie A","Italy","Tullio Gritti","https://www.transfermarkt.com/tullio-gritti/profil/spieler/136785","Attack",30,"Italy",30,25,3,1689,1989
"Hellas Verona","Serie A","Italy","Maurizio Iorio","https://www.transfermarkt.com/maurizio-iorio/profil/spieler/223468","Attack",30,"Italy",31,25,3,1564,1989
"Hellas Verona","Serie A","Italy","Davide Pellegrini","https://www.transfermarkt.com/davide-pellegrini/profil/spieler/227282","Left Winger",23,"Italy",34,33,6,2546,1989
"Hellas Verona","Serie A","Italy","Domenico Giacomarro","https://www.transfermarkt.com/domenico-giacomarro/profil/spieler/227472","Attack",26,"Italy",22,14,0,1040,1989
"Hellas Verona","Serie A","Italy","Mauro Perina","https://www.transfermarkt.com/mauro-perina/profil/spieler/248886","Left Winger",18,"Italy",1,0,0,0,1989
"US Lecce","Serie A","Italy","Giuliano Terraneo","https://www.transfermarkt.com/giuliano-terraneo/profil/spieler/226523","Goalkeeper",35,"Italy",36,36,0,3236,1989
"US Lecce","Serie A","Italy","Giordano Negretti","https://www.transfermarkt.com/giordano-negretti/profil/spieler/226494","Goalkeeper",27,"Italy",34,1,0,34,1989
"US Lecce","Serie A","Italy","Giuseppe Luceri","https://www.transfermarkt.com/giuseppe-luceri/profil/spieler/15972","Sweeper",20,"Italy",5,3,0,65,1989
"US Lecce","Serie A","Italy","Luigi Garzya","https://www.transfermarkt.com/luigi-garzya/profil/spieler/151872","Centre-Back",19,"Italy",36,35,0,2992,1989
"US Lecce","Serie A","Italy","Egidio Ingrosso","https://www.transfermarkt.com/egidio-ingrosso/profil/spieler/226078","Defender",17,"Italy",20,2,0,136,1989
"US Lecce","Serie A","Italy","Antonio Carannante","https://www.transfermarkt.com/antonio-carannante/profil/spieler/226105","Left-Back",24,"Italy",30,30,0,2639,1989
"US Lecce","Serie A","Italy","Giacomo Ferri","https://www.transfermarkt.com/giacomo-ferri/profil/spieler/226108","Centre-Back",30,"Italy",22,22,0,1662,1989
"US Lecce","Serie A","Italy","Raimondo Marino","https://www.transfermarkt.com/raimondo-marino/profil/spieler/224921","Centre-Back",28,"Italy",33,33,1,2967,1989
"US Lecce","Serie A","Italy","Ubaldo Righetti","https://www.transfermarkt.com/ubaldo-righetti/profil/spieler/226510","Centre-Back",26,"Italy",29,28,0,2531,1989
"US Lecce","Serie A","Italy","Roberto Miggiano","https://www.transfermarkt.com/roberto-miggiano/profil/spieler/226486","Defender",25,"Italy",23,12,0,716,1989
"US Lecce","Serie A","Italy","Gianluca Conte","https://www.transfermarkt.com/gianluca-conte/profil/spieler/248300","Defender",17,"Italy",1,0,0,0,1989
"US Lecce","Serie A","Italy","Davide Mazzotta","https://www.transfermarkt.com/davide-mazzotta/profil/spieler/248385","Defender",19,"Italy",1,0,0,0,1989
"US Lecce","Serie A","Italy","Antonio Conte","https://www.transfermarkt.com/antonio-conte/profil/spieler/5759","Central Midfield",19,"Italy",33,29,1,1802,1989
"US Lecce","Serie A","Italy","Juan Barbas","https://www.transfermarkt.com/juan-barbas/profil/spieler/135802","Defensive Midfield",29,"Argentina",29,28,4,2533,1989
"US Lecce","Serie A","Italy","Walter Monaco","https://www.transfermarkt.com/walter-monaco/profil/spieler/226116","midfield",18,"Italy",20,9,0,226,1989
"US Lecce","Serie A","Italy","Paolo Benedetti","https://www.transfermarkt.com/paolo-benedetti/profil/spieler/226114","Central Midfield",28,"Italy",34,34,4,3046,1989
"US Lecce","Serie A","Italy","Dario Levanto","https://www.transfermarkt.com/dario-levanto/profil/spieler/226472","midfield",22,"Italy",35,32,1,2078,1989
"US Lecce","Serie A","Italy","Tommaso Maria De Giorgi","https://www.transfermarkt.com/tommaso-maria-de-giorgi/profil/spieler/244155","midfield",19,"Italy",3,0,0,0,1989
"US Lecce","Serie A","Italy","Claudio D'Onofrio","https://www.transfermarkt.com/claudio-donofrio/profil/spieler/226115","Attack",18,"Italy",6,3,0,55,1989
"US Lecce","Serie A","Italy","Pietro Paolo Virdis","https://www.transfermarkt.com/pietro-paolo-virdis/profil/spieler/120540","Centre-Forward",32,"Italy",26,25,4,1677,1989
"US Lecce","Serie A","Italy","Francesco Moriero","https://www.transfermarkt.com/francesco-moriero/profil/spieler/108638","Right Winger",20,"Italy",30,30,2,2451,1989
"US Lecce","Serie A","Italy","Alessandro Morello","https://www.transfermarkt.com/alessandro-morello/profil/spieler/226110","Attack",20,"Italy",5,1,0,18,1989
"US Lecce","Serie A","Italy","Pedro Pasculli","https://www.transfermarkt.com/pedro-pasculli/profil/spieler/116734","Centre-Forward",29,"Argentina",35,35,11,3039,1989
"US Lecce","Serie A","Italy","István Vincze","https://www.transfermarkt.com/istvan-vincze/profil/spieler/177751","Left Winger",22,"Hungary",35,30,3,2010,1989
"US Lecce","Serie A","Italy","Gianni Gianfreda","https://www.transfermarkt.com/gianni-gianfreda/profil/spieler/248308","Attack",16,"Italy",1,0,0,0,1989
"US Lecce","Serie A","Italy","Mimmo Renna","https://www.transfermarkt.com/mimmo-renna/profil/spieler/248937","Attack",18,"Italy",1,0,0,0,1989
"SSC Bari","Serie B","Italy","Giulio Drago","https://www.transfermarkt.com/giulio-drago/profil/spieler/227304","Goalkeeper",27,"Italy",27,3,0,224,1989
"SSC Bari","Serie B","Italy","Alessandro Mannini","https://www.transfermarkt.com/alessandro-mannini/profil/spieler/227280","Goalkeeper",31,"Italy",38,36,0,3226,1989
"SSC Bari","Serie B","Italy","Giuseppe Alberga","https://www.transfermarkt.com/giuseppe-alberga/profil/spieler/228094","Goalkeeper",22,"Italy",6,0,0,0,1989
"SSC Bari","Serie B","Italy","Lorenzo Amoruso","https://www.transfermarkt.com/lorenzo-amoruso/profil/spieler/4288","Centre-Back",18,"Italy",14,4,0,124,1989
"SSC Bari","Serie B","Italy","Massimo Carrera","https://www.transfermarkt.com/massimo-carrera/profil/spieler/23348","Centre-Back",25,"Italy",32,32,2,2910,1989
"SSC Bari","Serie B","Italy","Ubaldo Righetti","https://www.transfermarkt.com/ubaldo-righetti/profil/spieler/226510","Centre-Back",26,"Italy",2,2,0,180,1989
"SSC Bari","Serie B","Italy","Francesco Bellucci","https://www.transfermarkt.com/francesco-bellucci/profil/spieler/223334","Centre-Back",16,"Italy",0,0,0,0,1989
"SSC Bari","Serie B","Italy","Massimo Brambati","https://www.transfermarkt.com/massimo-brambati/profil/spieler/227294","Defender",23,"Italy",31,31,0,2652,1989
"SSC Bari","Serie B","Italy","Giampaolo Ceramicola","https://www.transfermarkt.com/giampaolo-ceramicola/profil/spieler/226062","Defender",25,"Italy",21,13,0,1017,1989
"SSC Bari","Serie B","Italy","Néstor Lorenzo","https://www.transfermarkt.com/nestor-lorenzo/profil/spieler/106977","Centre-Back",23,"Argentina",27,26,1,2252,1989
"SSC Bari","Serie B","Italy","Giovanni Loseto","https://www.transfermarkt.com/giovanni-loseto/profil/spieler/228208","Defender",26,"Italy",32,32,4,2910,1989
"SSC Bari","Serie B","Italy","Vito Grieco","https://www.transfermarkt.com/vito-grieco/profil/spieler/22084","Defensive Midfield",18,"Italy",0,0,0,0,1989
"SSC Bari","Serie B","Italy","Corrado Urbano","https://www.transfermarkt.com/corrado-urbano/profil/spieler/227313","midfield",27,"Italy",31,26,0,1810,1989
"SSC Bari","Serie B","Italy","Emiliano Bigica","https://www.transfermarkt.com/emiliano-bigica/profil/spieler/220720","Defensive Midfield",15,"Italy",1,0,0,0,1989
"SSC Bari","Serie B","Italy","Angelo Carbone","https://www.transfermarkt.com/angelo-carbone/profil/spieler/177667","Right Midfield",21,"Italy",35,29,1,2103,1989
"SSC Bari","Serie B","Italy","Antonio Di Gennaro","https://www.transfermarkt.com/antonio-di-gennaro/profil/spieler/116756","midfield",30,"Italy",19,17,2,1327,1989
"SSC Bari","Serie B","Italy","Gerson Cacapa","https://www.transfermarkt.com/gerson-cacapa/profil/spieler/92231","Central Midfield",22,"Brazil",37,37,2,2944,1989
"SSC Bari","Serie B","Italy","Fabio Lupo","https://www.transfermarkt.com/fabio-lupo/profil/spieler/227812","midfield",24,"Italy",18,11,1,568,1989
"SSC Bari","Serie B","Italy","Pietro Maiellaro","https://www.transfermarkt.com/pietro-maiellaro/profil/spieler/227279","midfield",25,"Italy",30,29,6,2236,1989
"SSC Bari","Serie B","Italy","Angelo Terracenere","https://www.transfermarkt.com/angelo-terracenere/profil/spieler/228267","Central Midfield",25,"Italy",35,35,0,2910,1989
"SSC Bari","Serie B","Italy","Fabrizio Fioretti","https://www.transfermarkt.com/fabrizio-fioretti/profil/spieler/228139","Defensive Midfield",23,"Italy",17,8,1,269,1989
"SSC Bari","Serie B","Italy","Maurizio Laureri","https://www.transfermarkt.com/maurizio-laureri/profil/spieler/228202","midfield",23,"Italy",1,0,0,0,1989
"SSC Bari","Serie B","Italy","Paolo Monelli","https://www.transfermarkt.com/paolo-monelli/profil/spieler/227281","Centre-Forward",26,"Italy",29,24,5,1686,1989
"SSC Bari","Serie B","Italy","Carlo Perrone","https://www.transfermarkt.com/carlo-perrone/profil/spieler/223015","Right Winger",28,"Italy",37,32,3,1971,1989
"SSC Bari","Serie B","Italy","Lorenzo Scarafoni","https://www.transfermarkt.com/lorenzo-scarafoni/profil/spieler/227406","Attack",23,"Italy",37,29,3,1757,1989
"SSC Bari","Serie B","Italy","Joao Paulo","https://www.transfermarkt.com/joao-paulo/profil/spieler/228134","Attack",24,"Brazil",37,37,8,2985,1989
"Bologna FC 1909","Serie A","Italy","Marco Cerioni","https://www.transfermarkt.com/marco-cerioni/profil/spieler/16847","Goalkeeper",19,"Italy",2,0,0,0,1989
"Bologna FC 1909","Serie A","Italy","Nello Cusin","https://www.transfermarkt.com/nello-cusin/profil/spieler/222775","Goalkeeper",24,"Italy",36,35,0,3180,1989
"Bologna FC 1909","Serie A","Italy","Roberto Sorrentino","https://www.transfermarkt.com/roberto-sorrentino/profil/spieler/222795","Goalkeeper",33,"Italy",34,3,0,270,1989
"Bologna FC 1909","Serie A","Italy","Antonio Cabrini","https://www.transfermarkt.com/antonio-cabrini/profil/spieler/116689","Left-Back",31,"Italy",36,36,0,3047,1989
"Bologna FC 1909","Serie A","Italy","Nikolay Iliev","https://www.transfermarkt.com/nikolay-iliev/profil/spieler/25333","Centre-Back",25,"Bulgaria",31,26,1,1641,1989
"Bologna FC 1909","Serie A","Italy","Marco De Marchi","https://www.transfermarkt.com/marco-de-marchi/profil/spieler/186334","Centre-Back",22,"Italy",30,29,2,2486,1989
"Bologna FC 1909","Serie A","Italy","Renato Villa","https://www.transfermarkt.com/renato-villa/profil/spieler/222789","Centre-Back",30,"Italy",34,34,2,3074,1989
"Bologna FC 1909","Serie A","Italy","Gianluca Luppi","https://www.transfermarkt.com/gianluca-luppi/profil/spieler/222791","Centre-Back",22,"Italy",36,36,1,3226,1989
"Bologna FC 1909","Serie A","Italy","Nicola Marangon","https://www.transfermarkt.com/nicola-marangon/profil/spieler/222792","Right-Back",18,"Italy",11,3,0,58,1989
"Bologna FC 1909","Serie A","Italy","Luca Villa","https://www.transfermarkt.com/luca-villa/profil/spieler/222801","Centre-Back",18,"Italy",11,3,0,208,1989
"Bologna FC 1909","Serie A","Italy","Marco Monza","https://www.transfermarkt.com/marco-monza/profil/spieler/222799","Defender",24,"Italy",2,0,0,0,1989
"Bologna FC 1909","Serie A","Italy","Geovani Silva","https://www.transfermarkt.com/geovani-silva/profil/spieler/81746","Attacking Midfield",25,"Brazil",30,28,3,1653,1989
"Bologna FC 1909","Serie A","Italy","Ivano Bonetti","https://www.transfermarkt.com/ivano-bonetti/profil/spieler/181056","Left Midfield",24,"Italy",35,35,2,3100,1989
"Bologna FC 1909","Serie A","Italy","Massimo Bonini","https://www.transfermarkt.com/massimo-bonini/profil/spieler/126265","Defensive Midfield",29,"San Marino",34,34,2,2958,1989
"Bologna FC 1909","Serie A","Italy","Eraldo Pecci","https://www.transfermarkt.com/eraldo-pecci/profil/spieler/135789","Defensive Midfield",34,"Italy",6,3,0,106,1989
"Bologna FC 1909","Serie A","Italy","Fabio Poli","https://www.transfermarkt.com/fabio-poli/profil/spieler/222785","midfield",26,"Italy",15,14,2,1214,1989
"Bologna FC 1909","Serie A","Italy","Romano Galvani","https://www.transfermarkt.com/romano-galvani/profil/spieler/222778","Defensive Midfield",26,"Italy",36,30,1,1525,1989
"Bologna FC 1909","Serie A","Italy","Massimo Giannelli","https://www.transfermarkt.com/massimo-giannelli/profil/spieler/222790","Attacking Midfield",19,"Italy",18,3,0,62,1989
"Bologna FC 1909","Serie A","Italy","Paolo Stringara","https://www.transfermarkt.com/paolo-stringara/profil/spieler/222796","Defensive Midfield",26,"Italy",34,34,1,3040,1989
"Bologna FC 1909","Serie A","Italy","Carlo Troscè","https://www.transfermarkt.com/carlo-trosce/profil/spieler/222797","midfield",19,"Italy",15,6,0,125,1989
"Bologna FC 1909","Serie A","Italy","Bruno Giordano","https://www.transfermarkt.com/bruno-giordano/profil/spieler/154731","Centre-Forward",32,"Italy",37,37,9,2948,1989
"Bologna FC 1909","Serie A","Italy","Herbert Waas","https://www.transfermarkt.com/herbert-waas/profil/spieler/6692","Centre-Forward",25,"Germany",22,22,5,1912,1989
"Bologna FC 1909","Serie A","Italy","Giuseppe Campione","https://www.transfermarkt.com/giuseppe-campione/profil/spieler/222774","Right Winger",15,"Italy",1,0,0,0,1989
"Bologna FC 1909","Serie A","Italy","Danilo Neri","https://www.transfermarkt.com/danilo-neri/profil/spieler/222794","Left Winger",16,"Italy",5,1,0,15,1989
"Bologna FC 1909","Serie A","Italy","Giuseppe Lorenzo","https://www.transfermarkt.com/giuseppe-lorenzo/profil/spieler/222780","Centre-Forward",25,"Italy",8,5,1,270,1989
"Bologna FC 1909","Serie A","Italy","Lorenzo Marronaro","https://www.transfermarkt.com/lorenzo-marronaro/profil/spieler/222793","Right Winger",28,"Italy",35,27,3,1690,1989
"SS Lazio","Serie A","Italy","Valerio Fiori","https://www.transfermarkt.com/valerio-fiori/profil/spieler/5799","Goalkeeper",20,"Italy",32,30,0,2612,1989
"SS Lazio","Serie A","Italy","Fernando Orsi","https://www.transfermarkt.com/fernando-orsi/profil/spieler/224942","Goalkeeper",29,"Italy",34,8,0,658,1989
"SS Lazio","Serie A","Italy","Luigi Sassanelli","https://www.transfermarkt.com/luigi-sassanelli/profil/spieler/248377","Goalkeeper",18,"Italy",4,0,0,0,1989
"SS Lazio","Serie A","Italy","Cristiano Bergodi","https://www.transfermarkt.com/cristiano-bergodi/profil/spieler/166544","Centre-Back",24,"Italy",34,34,1,3007,1989
"SS Lazio","Serie A","Italy","Marco Monti","https://www.transfermarkt.com/marco-monti/profil/spieler/223013","Centre-Back",21,"Italy",23,11,0,790,1989
"SS Lazio","Serie A","Italy","Raffaele Sergio","https://www.transfermarkt.com/raffaele-sergio/profil/spieler/224538","Left-Back",22,"Italy",33,31,0,2647,1989
"SS Lazio","Serie A","Italy","Luca Brunetti","https://www.transfermarkt.com/luca-brunetti/profil/spieler/224926","Defender",24,"Italy",0,0,0,0,1989
"SS Lazio","Serie A","Italy","Antonio Delucca","https://www.transfermarkt.com/antonio-delucca/profil/spieler/224919","Centre-Back",20,"Italy",0,0,0,0,1989
"SS Lazio","Serie A","Italy","Raimondo Marino","https://www.transfermarkt.com/raimondo-marino/profil/spieler/224921","Centre-Back",28,"Italy",0,0,0,0,1989
"SS Lazio","Serie A","Italy","Massimo Piscedda","https://www.transfermarkt.com/massimo-piscedda/profil/spieler/224923","Sweeper",27,"Italy",29,7,0,343,1989
"SS Lazio","Serie A","Italy","Luca Monari","https://www.transfermarkt.com/luca-monari/profil/spieler/224939","Centre-Back",17,"Italy",0,0,0,0,1989
"SS Lazio","Serie A","Italy","Massimiliano Nardecchia","https://www.transfermarkt.com/massimiliano-nardecchia/profil/spieler/224940","Defender",23,"Italy",19,6,0,242,1989
"SS Lazio","Serie A","Italy","Angelo Gregucci","https://www.transfermarkt.com/angelo-gregucci/profil/spieler/166893","Centre-Back",25,"Italy",30,30,1,2530,1989
"SS Lazio","Serie A","Italy","Paolo Beruatto","https://www.transfermarkt.com/paolo-beruatto/profil/spieler/227450","Defender",32,"Italy",32,12,0,529,1989
"SS Lazio","Serie A","Italy","Alessandro Manetti","https://www.transfermarkt.com/alessandro-manetti/profil/spieler/21846","midfield",17,"Italy",2,1,0,24,1989
"SS Lazio","Serie A","Italy","Pedro Troglio","https://www.transfermarkt.com/pedro-troglio/profil/spieler/106981","Defensive Midfield",23,"Argentina",26,25,0,1263,1989
"SS Lazio","Serie A","Italy","Roberto Soldà","https://www.transfermarkt.com/roberto-solda/profil/spieler/121101","midfield",30,"Italy",35,35,0,3102,1989
"SS Lazio","Serie A","Italy","Oberdan Biagioni","https://www.transfermarkt.com/oberdan-biagioni/profil/spieler/224545","Attacking Midfield",19,"Italy",0,0,0,0,1989
"SS Lazio","Serie A","Italy","Andrea Icardi","https://www.transfermarkt.com/andrea-icardi/profil/spieler/222978","Defensive Midfield",26,"Italy",29,29,0,2250,1989
"SS Lazio","Serie A","Italy","Davide Olivares","https://www.transfermarkt.com/davide-olivares/profil/spieler/216816","midfield",17,"Italy",5,2,0,25,1989
"SS Lazio","Serie A","Italy","Gabriele Pin","https://www.transfermarkt.com/gabriele-pin/profil/spieler/120410","Central Midfield",27,"Italy",33,33,6,2783,1989
"SS Lazio","Serie A","Italy","Antonio Elia Acerbis","https://www.transfermarkt.com/antonio-elia-acerbis/profil/spieler/224917","midfield",29,"Italy",0,0,0,0,1989
"SS Lazio","Serie A","Italy","Giancarlo Camolese","https://www.transfermarkt.com/giancarlo-camolese/profil/spieler/224918","midfield",28,"Italy",0,0,0,0,1989
"SS Lazio","Serie A","Italy","Cristiano Di Loreto","https://www.transfermarkt.com/cristiano-di-loreto/profil/spieler/224920","midfield",18,"Italy",0,0,0,0,1989
"SS Lazio","Serie A","Italy","Ciro Muro","https://www.transfermarkt.com/ciro-muro/profil/spieler/224922","Attacking Midfield",25,"Italy",0,0,0,0,1989
"SS Lazio","Serie A","Italy","Gabriele Savino","https://www.transfermarkt.com/gabriele-savino/profil/spieler/224924","Defensive Midfield",29,"Italy",0,0,0,0,1989
"SS Lazio","Serie A","Italy","Franco Marchegiani","https://www.transfermarkt.com/franco-marchegiani/profil/spieler/224937","Defensive Midfield",24,"Italy",18,18,1,1179,1989
"SS Lazio","Serie A","Italy","Fabio Prodosmo","https://www.transfermarkt.com/fabio-prodosmo/profil/spieler/224944","midfield",18,"Italy",1,0,0,0,1989
"SS Lazio","Serie A","Italy","Claudio Sclosa","https://www.transfermarkt.com/claudio-sclosa/profil/spieler/225174","midfield",28,"Italy",31,31,0,2535,1989
"SS Lazio","Serie A","Italy","Paolo Di Canio","https://www.transfermarkt.com/paolo-di-canio/profil/spieler/3699","Centre-Forward",20,"Italy",26,26,4,2083,1989
"SS Lazio","Serie A","Italy","Rubén Sosa","https://www.transfermarkt.com/ruben-sosa/profil/spieler/22455","Centre-Forward",23,"Uruguay",27,27,8,2345,1989
"SS Lazio","Serie A","Italy","Amarildo","https://www.transfermarkt.com/amarildo/profil/spieler/226393","Attack",24,"Brazil",31,31,9,2581,1989
"SS Lazio","Serie A","Italy","Giampaolo Saurini","https://www.transfermarkt.com/giampaolo-saurini/profil/spieler/224946","Centre-Forward",20,"Italy",0,0,0,0,1989
"SS Lazio","Serie A","Italy","Alessandro Bertoni","https://www.transfermarkt.com/alessandro-bertoni/profil/spieler/224928","Attack",30,"Italy",34,28,2,2394,1989
"UC Sampdoria","Serie B","Italy","Gianluca Pagliuca","https://www.transfermarkt.com/gianluca-pagliuca/profil/spieler/5985","Goalkeeper",22,"Italy",48,48,0,4350,1989
"UC Sampdoria","Serie B","Italy","Fabrizio Casazza","https://www.transfermarkt.com/fabrizio-casazza/profil/spieler/16855","Goalkeeper",18,"Italy",0,0,0,0,1989
"UC Sampdoria","Serie B","Italy","Giulio Nuciari","https://www.transfermarkt.com/giulio-nuciari/profil/spieler/169653","Goalkeeper",29,"Italy",38,0,0,0,1989
"UC Sampdoria","Serie B","Italy","Amedeo Carboni","https://www.transfermarkt.com/amedeo-carboni/profil/spieler/7566","Left-Back",24,"Italy",43,40,1,2658,1989
"UC Sampdoria","Serie B","Italy","Giovanni Dall'Igna","https://www.transfermarkt.com/giovanni-dalligna/profil/spieler/30628","Right-Back",16,"Italy",2,0,0,0,1989
"UC Sampdoria","Serie B","Italy","Moreno Mannini","https://www.transfermarkt.com/moreno-mannini/profil/spieler/181041","Right-Back",26,"Italy",41,41,0,3621,1989
"UC Sampdoria","Serie B","Italy","Pietro Vierchowod","https://www.transfermarkt.com/pietro-vierchowod/profil/spieler/116750","Centre-Back",30,"Italy",45,45,5,4061,1989
"UC Sampdoria","Serie B","Italy","Marco Lanna","https://www.transfermarkt.com/marco-lanna/profil/spieler/181054","Centre-Back",20,"Italy",40,21,0,1284,1989
"UC Sampdoria","Serie B","Italy","Luca Pellegrini","https://www.transfermarkt.com/luca-pellegrini/profil/spieler/229200","Defender",26,"Italy",26,26,1,2352,1989
"UC Sampdoria","Serie B","Italy","Roberto Breda","https://www.transfermarkt.com/roberto-breda/profil/spieler/21978","Central Midfield",19,"Italy",23,0,0,0,1989
"UC Sampdoria","Serie B","Italy","Alessandro Lupo","https://www.transfermarkt.com/alessandro-lupo/profil/spieler/243073","midfield",16,"Italy",1,0,0,0,1989
"UC Sampdoria","Serie B","Italy","Srecko Katanec","https://www.transfermarkt.com/srecko-katanec/profil/spieler/97138","Defensive Midfield",25,"Slovenia",39,39,7,3231,1989
"UC Sampdoria","Serie B","Italy","Fausto Pari","https://www.transfermarkt.com/fausto-pari/profil/spieler/181052","Defensive Midfield",26,"Italy",47,47,0,4207,1989
"UC Sampdoria","Serie B","Italy","Giovanni Invernizzi","https://www.transfermarkt.com/giovanni-invernizzi/profil/spieler/181055","Defensive Midfield",25,"Italy",43,28,0,1793,1989
"UC Sampdoria","Serie B","Italy","Giuseppe Dossena","https://www.transfermarkt.com/giuseppe-dossena/profil/spieler/128883","Central Midfield",31,"Italy",48,48,3,3927,1989
"UC Sampdoria","Serie B","Italy","Toninho Cerezo","https://www.transfermarkt.com/toninho-cerezo/profil/spieler/134974","Defensive Midfield",34,"Brazil",31,29,3,2370,1989
"UC Sampdoria","Serie B","Italy","Víctor Muñoz","https://www.transfermarkt.com/victor-munoz/profil/spieler/117605","Central Midfield",32,"Spain",40,26,0,1313,1989
"UC Sampdoria","Serie B","Italy","Fabio Lupo","https://www.transfermarkt.com/fabio-lupo/profil/spieler/227812","midfield",24,"Italy",0,0,0,0,1989
"UC Sampdoria","Serie B","Italy","Gianluca Vialli","https://www.transfermarkt.com/gianluca-vialli/profil/spieler/16036","Centre-Forward",24,"Italy",34,33,19,2764,1989
"UC Sampdoria","Serie B","Italy","Enrico Chiesa","https://www.transfermarkt.com/enrico-chiesa/profil/spieler/7329","Centre-Forward",18,"Italy",0,0,0,0,1989
"UC Sampdoria","Serie B","Italy","Attilio Lombardo","https://www.transfermarkt.com/attilio-lombardo/profil/spieler/154311","Right Winger",23,"Italy",47,47,9,3454,1989
"UC Sampdoria","Serie B","Italy","Fausto Salsano","https://www.transfermarkt.com/fausto-salsano/profil/spieler/227789","Right Winger",29,"Italy",45,42,3,2507,1989
"UC Sampdoria","Serie B","Italy","Roberto Mancini","https://www.transfermarkt.com/roberto-mancini/profil/spieler/68204","Second Striker",24,"Italy",44,44,15,3899,1989
